Da,YB,VQ
1325,590,930
1294,574,884
1331,561,860
1296,539,842
1181,523,819
1047,511,787
1000,499,751
1071,487,743
1025,481,734
1013,472,734
986,464,708
990,458,725
861,452,721
951,447,691
977,441,665
906,436,657
907,436,648
952,444,640
902,452,648
932,458,648
1184,687,640
1195,613,674
907,529,665
927,490,624
846,458,611
822,441,615
855,427,591
883,430,571
1146,496,591
1101,643,587
1017,646,648
1253,705,1010
1047,732,1640
1104,593,1300
900,529,1110
878,487,918
1236,514,777
1536,817,732
1237,666,734
1011,554,699
910,499,644
808,470,620
868,441,615
773,424,591
815,413,583
789,408,571
742,402,563
843,394,571
714,391,575
689,385,567
936,396,551
1256,620,575
1316,606,599
1210,542,544
991,499,548
868,461,536
878,430,536
859,408,544
807,391,517
796,382,507
778,371,514
734,357,527
735,359,507
774,355,521
966,538,572
842,524,630
822,469,612
743,444,544
759,415,527
740,386,514
640,378,521
702,353,507
678,342,494
627,333,487
647,325,481
653,325,481
750,378,484
698,364,504
680,355,514
639,344,531
597,333,534
602,329,531
594,325,521
590,317,527
576,306,524
553,294,500
610,287,481
635,306,507
537,340,514
579,329,521
514,304,521
569,296,569
517,317,541
566,336,504
554,331,455
589,321,500
497,314,494
584,312,494
567,308,455
622,304,446
705,380,481
680,348,446
563,321,437
698,323,449
644,346,481
534,342,481
591,333,514
603,321,541
534,304,524
530,296,500
480,287,490
508,279,468
450,267,455
510,259,446
456,257,443
465,255,437
480,251,449
460,251,431
440,247,431
400,251,431
420,249,425
416,247,437
380,243,434
440,237,422
420,239,407
406,247,401
398,239,440
372,235,481
379,230,449
376,224,446
337,220,458
326,214,455
397,213,462
398,209,455
416,207,443
350,207,455
316,224,449
322,207,455
370,201,446
300,228,449
358,235,443
367,214,443
420,205,446
382,201,443
340,201,446
339,197,443
318,197,449
352,186,431
410,205,437
454,283,428
479,275,419
440,218,458
350,199,443
370,194,437
360,192,425
343,190,407
398,188,396
390,190,425
332,201,434
387,220,437
417,300,462
354,294,465
320,308,452
360,251,449
370,228,452
355,220,474
335,197,431
301,178,437
306,171,449
305,163,398
308,180,446
324,308,497
310,279,566
292,199,555
326,178,562
352,173,638
300,188,693
250,197,760
310,199,723
360,201,649
350,232,634
330,216,576
370,209,538
376,306,664
300,239,656
350,218,521
380,201,704
420,184,697
470,199,679
500,228,642
465,214,594
500,214,594
430,201,656
426,190,623
430,197,594
570,235,638
1324,452,701
1567,793,598
1288,559,437
884,477,416
862,444,468
851,380,449
640,329,422
500,291,425
520,271,390
483,259,356
464,232,344
450,251,470
503,267,732
490,333,1110
529,296,1340
900,306,1120
1135,389,1330
1449,480,1730
1385,439,1540
1100,406,1500
1560,452,2140
3041,708,2510
3456,1050,3280
4527,1590,3120
5060,1240,2910
3234,944,2220
3265,862,1770
4160,950,1710
4833,832,1450
4010,857,1220
3190,866,1030
2468,741,882
2127,672,881
2480,608,1360
2698,687,1470
2450,719,1340
2366,607,1160
2159,568,904
1876,530,816
1823,472,728
1858,478,656
1850,496,759
2788,648,777
3440,760,1200
3039,757,1200
2780,779,1060
3000,847,2050
3368,840,2220
4749,1000,2740
6702,1540,2880
7324,1990,3200
7874,2180,3090
8118,2260,3390
7900,2370,4140
9022,2440,3960
7511,1870,3300
6403,1510,2730
5333,1300,2140
4454,1160,1810
4439,1220,1750
4148,1070,1800
6089,1040,2250
6927,1210,2730
7019,1350,2500
6702,1460,2180
5388,1310,1920
5439,1180,1680
4441,1040,1500
3890,931,1370
3495,852,1620
4075,1040,2020
4626,983,2400
5039,1210,2380
4692,1480,2120
5241,1750,2160
5389,2620,2410
4153,2090,2400
3019,1320,1920
3317,1200,1680
2985,1040,1540
2631,955,1530
2818,966,1360
2946,1700,2100
3610,2260,3070
4496,2230,3780
5092,2300,3540
6100,1980,3470
5725,1520,3270
5207,1310,2720
5714,1640,2460
9234,3040,2710
9234,4280,4130
8950,4340,5560
10551,4170,6500
12129,4550,6540
10550,3480,5960
10900,5230,5560
9977,5010,5670
9210,3840,5640
8269,3090,5150
7506,2590,4040
6477,2890,3690
5688,2740,3660
4764,2340,3290
4539,2280,2920
4377,1700,2640
6128,2020,2380
5114,2920,2300
4079,2430,2240
3627,1930,2240
3724,3210,3080
4058,3070,3360
3792,2380,3140
3179,1920,2620
3195,1600,2210
2920,1670,2130
2669,1740,2180
2977,1560,2400
2584,1360,2070
2718,1290,1730
4074,1420,1820
3196,1480,1950
2336,1180,1740
2306,1080,1590
2236,1060,1750
2234,1160,2140
2042,1020,2190
2292,1070,1870
3197,1280,1690
2794,1290,1570
2363,1160,1450
2217,1060,1340
2174,1060,1230
2036,1160,1170
2258,1360,1140
2055,1260,1110
2059,1100,1040
2100,1100,1000
2404,1130,1180
2285,1180,1770
2367,1130,1880
2306,998,1480
2324,936,1250
2441,910,1120
2349,966,1060
2271,892,1040
2190,936,1000
1991,899,974
1820,998,938
1744,1080,909
1850,947,884
1911,863,872
1499,826,860
1473,806,840
1400,810,978
1562,752,987
1586,727,978
1480,717,864
1604,705,836
1556,696,860
1703,730,880
1716,727,876
1537,774,805
1660,739,764
1504,696,730
1292,689,738
1338,637,693
1217,597,693
1194,570,679
1142,550,645
1211,533,645
1156,533,690
1104,512,649
1056,504,590
1034,498,580
1511,689,562
1281,730,562
1075,665,558
1086,591,562
963,550,558
949,530,521
1012,515,517
1407,704,558
1797,1330,649
1459,992,623
1146,730,590
997,620,601
1016,562,576
977,535,548
1084,660,541
2430,1400,562
2137,1510,555
1597,1110,555
1227,885,548
1064,740,534
1101,690,521
1093,650,521
1094,621,517
1052,610,510
948,578,507
963,556,487
865,537,497
901,522,474
847,518,481
877,515,474
860,524,500
794,512,490
834,487,474
827,470,477
771,465,468
776,448,468
706,438,455
813,427,455
758,420,462
675,412,455
710,410,455
738,403,449
680,395,443
724,393,437
675,389,437
708,389,443
704,387,462
716,389,458
651,385,437
655,380,437
631,372,431
735,368,434
597,364,431
566,360,419
595,352,440
523,332,348
530,327,348
635,324,359
569,321,359
550,321,359
562,316,365
564,314,351
526,311,346
527,308,348
557,306,359
570,298,354
547,301,359
534,306,362
533,306,387
464,301,340
507,294,348
495,288,333
537,284,340
478,276,378
474,272,381
490,269,455
464,264,466
500,262,459
482,257,455
459,255,452
472,252,452
480,248,452
480,248,437
590,248,430
430,248,452
520,245,444
430,248,459
454,248,455
468,245,448
415,245,437
459,243,444
466,248,437
472,276,444
456,272,437
457,252,401
439,245,387
414,238,381
418,233,378
447,229,373
402,224,370
367,217,356
335,211,343
320,207,333
431,200,343
350,198,404
350,200,335
340,207,318
486,222,323
420,233,323
420,248,338
512,272,308
525,267,310
537,267,314
426,262,310
493,238,306
473,229,306
473,220,328
388,211,328
431,207,333
490,198,325
460,194,381
400,190,335
370,186,306
410,186,323
390,183,316
334,179,302
348,177,308
334,175,302
369,172,286
400,172,325
380,170,316
385,168,302
340,163,306
330,158,302
300,157,300
280,156,304
296,156,304
273,154,306
250,154,298
398,164,305
425,244,424
700,369,801
1104,916,1800
1206,1180,2220
945,787,2160
494,584,1490
590,468,1060
495,372,847
400,336,666
480,340,634
420,303,600
403,281,612
386,263,562
390,240,518
350,224,500
318,216,474
250,202,466
310,196,452
260,193,437
320,189,470
300,191,452
297,208,452
430,223,481
380,199,511
300,188,530
334,246,533
280,322,541
270,302,549
301,264,507
320,250,530
320,226,496
370,236,488
380,258,514
1000,716,518
1353,1020,616
780,562,729
650,412,669
583,360,628
1135,749,1160
871,579,1170
796,461,881
450,346,755
411,310,686
1260,342,686
1033,924,923
1345,1470,1210
1204,846,1090
1230,957,933
1420,672,881
815,612,835
985,601,808
853,621,780
954,814,1730
947,752,1700
901,628,1370
799,553,1100
674,492,1060
771,492,978
905,474,869
680,422,809
754,416,822
733,435,918
1203,519,994
1578,506,1040
1796,1060,1210
3714,2420,2150
3088,1520,2020
2425,1040,2200
2774,941,2220
2255,784,1820
1846,673,1530
1633,606,1640
1425,602,1430
1410,600,1570
1543,649,1350
1464,638,1220
1464,705,1030
1580,701,887
1584,656,800
1744,790,715
1769,866,721
1702,946,1740
2496,1130,2600
1934,968,2560
1773,862,3370
2174,977,4270
2150,990,3460
2094,912,3180
1967,1080,2790
2800,1030,2140
2449,920,1730
4143,908,2470
4673,1760,2810
4301,1340,2160
3573,1080,2020
3575,1020,1940
3970,1030,1820
4233,1330,2030
3600,995,1680
3609,896,1440
4840,1450,1460
7292,2410,2400
7030,1650,2400
6185,1300,2350
5010,1400,2450
4985,1230,2390
3982,1090,2190
4061,1280,1940
5066,1870,2240
4792,1970,2260
7860,1530,2140
4452,1300,2040
4090,1100,1800
4013,1020,1480
5390,1360,1310
7698,1750,2290
7737,1980,3550
7437,1750,4010
7145,2080,3540
6735,1790,2830
9694,2520,2380
9531,6540,2460
7076,4020,2640
6007,2210,2410
4953,1760,2070
4210,1670,2020
4280,2230,2630
6082,2940,3630
6403,2550,3450
7310,2400,3000
6828,2270,2530
5189,2510,2150
4772,1990,2070
4414,1700,1930
3975,1560,1730
4461,1490,1820
4819,1710,1970
5160,1840,2500
5620,1690,2540
7177,2570,4050
8505,2920,4150
6859,2970,3220
8084,2560,2690
9275,3890,2820
11317,3840,3620
18680,3380,4530
17940,3550,5530
16180,3920,6410
14213,3880,6420
11389,3450,5570
10530,3420,4450
8244,3920,3900
6500,2680,3420
5690,2250,2900
5227,2000,2450
4510,1760,2130
3970,1590,1920
4422,1720,2010
4424,1910,2210
4252,1640,2040
3979,1820,1920
3662,1620,1690
3106,1430,1610
2751,1280,1460
2688,1190,1370
2470,1100,1300
2465,1080,1220
2236,981,1190
2457,1000,1270
2693,1600,2250
2363,1420,2890
2778,1110,2270
2680,1190,1900
2880,1600,1830
2717,2010,1620
2310,1650,1570
2376,1320,1520
2690,1390,1410
3820,1580,1770
4950,1830,1640
3860,1580,1440
3221,1360,1340
3221,1220,1260
2270,1100,1210
2180,1110,1170
1923,995,1080
1828,894,1050
1715,833,1020
1706,785,976
1608,754,881
1747,721,826
1610,690,794
1450,669,777
1471,652,709
1745,669,970
1745,696,1280
2937,1540,2500
3252,1330,1950
3028,1070,1460
3004,1020,1200
3332,1020,1100
3309,1060,1050
2750,1100,981
2537,1160,976
2220,982,928
1970,869,867
1770,817,799
1750,841,772
1810,1090,957
2038,1000,1140
1600,793,1040
1510,717,962
1437,669,895
1586,636,835
1370,623,794
1287,636,790
1200,594,786
1291,566,759
1227,554,737
1223,548,695
1280,548,695
1085,572,695
1300,714,693
2029,1370,886
2610,2500,1200
2510,2200,2140
1990,2180,2850
2866,2140,2910
2813,1900,2020
2448,1570,1430
2165,1330,1250
1794,1140,1140
1422,1010,1080
1398,920,988
1280,853,916
1255,801,834
1170,764,777
1200,724,716
1125,708,707
1122,674,703
1102,648,678
1050,638,678
1050,624,674
980,612,632
1033,598,640
927,588,604
935,576,596
882,566,588
865,557,557
858,545,549
821,535,564
867,531,541
875,554,549
950,554,557
840,536,533
864,525,541
942,563,549
842,554,526
925,525,481
901,519,481
873,519,503
874,507,511
814,499,522
834,490,488
753,478,473
789,473,488
738,461,466
756,450,452
712,441,437
710,433,452
655,428,444
592,422,434
579,414,420
677,409,411
600,401,408
656,396,404
626,390,398
607,390,424
582,385,398
674,380,392
623,376,392
562,352,395
593,346,389
512,341,386
640,336,402
646,334,441
705,339,509
581,326,542
662,324,542
678,326,528
638,336,539
590,336,546
598,326,539
626,322,520
679,317,509
608,312,516
588,308,516
582,303,513
586,308,487
622,329,516
636,346,520
681,308,502
577,294,473
620,294,469
605,308,484
650,317,546
612,312,524
630,312,495
584,303,466
655,299,444
620,294,395
580,294,409
549,290,406
566,288,402
565,294,386
496,284,402
543,278,395
532,274,409
497,274,480
523,274,416
480,274,409
504,274,392
514,270,379
486,263,376
533,263,402
492,263,406
470,265,386
518,266,395
460,265,423
450,266,437
440,266,451
474,263,434
448,261,448
389,259,430
434,256,451
425,256,448
455,270,466
614,473,487
626,456,505
475,341,420
462,301,412
366,294,363
471,294,430
416,282,409
377,266,392
371,259,434
381,256,434
350,249,437
327,242,459
357,238,451
331,240,434
327,238,430
298,235,459
370,232,444
340,225,455
333,245,455
476,270,546
536,386,580
647,650,767
1021,735,876
901,640,898
580,430,780
440,339,685
455,317,611
393,326,653
390,336,546
432,392,642
553,566,767
652,540,810
551,411,780
862,405,814
1010,576,1600
1102,661,2020
1030,710,1750
653,509,1280
620,430,1060
570,384,998
668,500,1060
620,494,1020
551,394,932
562,362,892
605,346,912
615,381,1340
894,696,2180
1038,630,1980
997,553,1640
859,512,1640
662,485,1490
730,458,1280
746,515,1160
648,394,1060
550,357,993
589,352,944
500,323,886
670,341,868
780,398,1030
1014,728,1330
966,928,1400
828,692,1240
929,568,1080
754,588,1210
699,702,1170
714,596,1030
812,462,944
679,432,944
713,394,1070
610,372,986
520,333,1080
486,310,1110
423,297,1010
423,290,990
462,287,1020
442,279,907
386,268,876
337,255,840
362,247,871
366,240,1060
370,247,898
375,308,784
520,280,713
687,292,776
460,259,1260
360,274,1510
458,284,1270
423,312,1120
465,282,884
494,265,797
503,249,776
434,268,661
662,326,934
688,370,1060
466,297,780
447,261,701
417,252,669
354,252,673
355,235,638
345,225,788
320,218,1030
266,212,845
252,205,701
265,205,569
190,198,495
390,228,823
510,494,1180
990,453,793
1200,430,661
947,397,734
1095,473,767
1150,411,669
836,362,681
1100,367,649
1355,464,793
1369,435,1060
1244,523,1120
1975,1130,1200
4200,1250,1110
5436,1230,971
3755,1120,939
3280,1140,894
2990,911,889
2665,764,801
2545,722,957
2235,701,1700
2260,580,1430
2325,542,1490
2945,577,1460
4155,855,1410
5125,1200,2070
6180,1440,2140
8500,1610,2060
9273,2010,2370
7747,1800,2080
6418,1260,1700
7320,1180,1550
8175,2040,1800
6910,1800,2430
6327,1420,2040
6850,1390,1970
6860,1650,2560
7210,2840,2780
6540,2640,3000
6690,3340,3560
8185,4730,4410
7620,4850,4750
7180,3770,5010
6360,2900,4690
5520,2570,4110
6480,2540,4050
6500,2550,4070
6720,3320,4340
6300,2940,4980
6060,2550,4580
6890,2630,4030
7690,3260,3560
8850,3150,3160
7510,3400,2700
6360,2870,2480
5565,2240,2240
5010,1870,2140
4320,1610,1900
4140,1470,1810
6340,1710,2630
6359,2280,3370
5080,1920,2950
4420,1510,2340
4080,1350,2060
4220,1370,1970
6100,1340,1860
6100,1650,1880
5800,2080,1940
4770,1770,1810
4040,1440,1610
3280,1240,1420
2910,1080,1260
2625,988,1180
3110,1000,1120
3560,4010,1400
2965,2500,1940
2560,1530,1950
2364,1500,2410
2490,1490,2660
3125,1690,2370
3720,1920,2370
3490,1670,2410
3660,1930,2150
3570,1830,2090
3830,1760,2280
3917,1990,2360
4180,1980,2240
6590,2170,2130
6110,2280,1840
4240,1650,1580
3530,1380,1420
3190,1220,1300
2870,1200,1240
2694,1100,1230
2560,1010,1240
2510,960,1250
2470,1050,1200
2743,1250,1770
2590,1080,2280
2790,1300,2380
2789,1650,2130
3720,2210,2220
4160,2320,2220
3820,1850,2370
3325,1700,2160
2935,1340,1850
2640,1200,1660
2480,1200,1530
3170,1160,1470
3850,1800,1350
3175,2090,1300
3540,2340,1250
3326,2100,1240
2910,1690,1220
3000,1510,1150
3015,1350,1120
3235,1760,1220
3055,2400,2200
3140,1650,3080
3680,1900,2650
4970,2820,2140
4140,2560,1780
3570,2140,1630
2985,1790,1720
2795,1650,1780
2660,1410,1990
2330,1250,1860
2120,1150,1640
1995,1080,1540
1827,1040,1720
1830,1040,1930
1810,926,1590
1633,872,1430
1640,835,1300
1540,799,1160
1560,769,1100
1430,738,1080
1376,712,971
1700,795,971
1880,1060,1500
2024,875,1400
1679,806,1240
1440,732,1140
1380,700,1050
1269,675,986
1290,668,876
1250,654,889
1180,626,898
1145,606,845
1176,586,827
1110,573,776
1105,560,726
1030,547,726
1084,528,734
1020,518,673
1060,509,673
1130,573,657
1253,606,645
1135,599,645
1060,547,638
986,515,614
1000,491,584
950,485,576
950,485,524
933,461,576
863,450,565
885,441,546
844,433,531
820,416,531
832,405,502
796,394,495
740,389,480
746,378,546
794,376,462
797,373,459
783,389,451
786,427,448
838,405,437
803,416,423
780,394,448
695,378,448
742,381,509
680,389,561
719,367,430
700,359,437
760,373,426
680,389,423
825,370,426
723,365,409
890,389,430
821,400,423
838,400,412
880,482,426
790,411,423
756,378,430
720,367,561
675,359,531
658,352,444
657,346,430
618,336,434
633,329,423
660,326,430
633,324,441
582,317,441
520,320,464
590,314,478
540,307,461
560,304,433
580,302,412
550,297,461
544,293,468
560,293,440
610,311,461
580,327,450
530,297,416
570,281,394
520,277,464
530,272,454
520,270,447
500,261,486
490,257,482
463,253,454
510,251,426
485,251,468
510,249,412
465,249,426
460,253,440
483,261,426
475,261,419
553,266,419
447,288,405
569,279,489
415,275,350
432,266,340
391,261,350
389,257,370
447,253,364
486,249,364
388,244,391
446,238,444
402,238,468
466,238,430
398,246,422
520,240,447
460,238,461
427,249,461
460,242,440
420,228,468
400,220,468
420,212,447
410,209,475
380,202,436
330,198,422
400,193,468
360,191,447
380,190,440
410,196,419
410,212,482
460,332,461
470,288,496
430,236,475
400,220,447
360,209,398
330,209,377
330,209,364
320,211,398
360,211,405
400,218,398
360,211,398
350,198,402
340,191,398
320,186,384
300,181,381
305,175,367
280,171,364
270,183,357
240,195,364
240,183,343
250,178,343
270,171,350
270,170,350
280,165,364
260,165,357
230,164,357
240,163,343
210,161,350
250,160,350
220,160,323
250,160,374
230,165,394
280,202,489
400,356,589
528,436,663
440,320,616
490,311,639
660,439,728
640,416,667
560,337,647
700,427,616
640,362,576
667,337,544
652,304,600
560,288,772
480,309,812
420,311,1050
400,349,1460
440,325,921
360,238,770
300,212,688
350,205,644
310,209,643
320,209,645
370,202,608
430,253,472
550,304,468
600,253,461
650,297,496
642,266,503
448,228,454
432,209,426
457,195,391
281,183,391
308,175,384
313,171,370
320,168,367
330,181,433
410,244,493
430,209,620
380,232,558
340,228,540
330,195,500
335,183,507
350,176,489
400,198,525
570,275,623
510,220,596
400,196,639
420,232,788
578,318,822
428,216,600
419,240,728
470,249,796
420,202,683
400,184,639
443,193,631
502,249,562
521,240,562
748,238,724
1180,740,1190
928,566,1060
860,355,822
671,262,733
1300,576,683
1699,796,647
1743,907,623
1458,682,612
1380,640,636
1190,558,620
1020,678,707
1550,768,733
2054,957,764
2861,888,722
2085,844,768
1730,726,891
1800,738,985
2150,808,1260
1960,701,1600
1348,594,1160
1517,484,835
1230,438,802
1133,416,778
1165,367,663
1880,402,721
2180,637,1290
3456,710,1760
5897,1270,2600
6172,1380,2240
5181,1010,1880
4842,1050,1540
8258,1660,1780
11148,2200,2590
9350,2310,2680
8700,2960,3070
7565,3020,3090
6945,2720,2820
5470,1990,2600
4710,1930,2390
5096,2440,2380
5560,2310,3070
6600,2400,4300
7197,2480,4490
6671,1870,4170
6300,1840,4730
7050,2380,5430
8817,2600,5850
10578,2570,5840
11776,2740,5230
9300,2460,4620
7620,2190,4330
7315,2060,4790
6690,1830,4900
5888,1650,4410
5824,1610,3520
5219,1550,2880
4405,1350,2330
3840,1280,2000
3500,1160,1850
4200,1390,1750
4980,1400,1560
8110,1450,1650
11366,2050,3110
9965,2630,5260
7590,2380,5360
6310,1980,4410
5125,1660,3510
5570,1720,3160
4950,1360,2690
4860,1250,2500
4888,1120,2220
4277,1060,1980
5480,1210,2340
5560,1120,2080
4720,1080,1810
4430,1210,1670
5790,1390,2110
5270,1340,2110
4448,1230,1940
3893,1150,1740
4730,1570,2480
6950,1830,2880
6155,1650,3200
6555,1440,3400
6700,1250,2480
5660,1120,2220
5003,1100,1980
4308,1080,1720
3770,1130,1620
3330,991,1500
3095,887,1320
3000,831,1200
3270,889,1480
3270,839,1520
2940,784,1470
2906,765,1370
3890,974,1490
5040,1770,1790
5786,1360,1520
4270,1290,1230
3586,1040,1140
3260,924,1020
3063,869,1020
3340,951,1420
3870,1540,2190
3190,1060,1720
2735,947,1280
2440,859,1060
2160,787,990
2150,734,920
2165,715,871
2006,673,813
2170,642,736
2860,1610,779
2460,1950,882
2155,1420,895
1935,1030,870
1850,904,792
1715,854,801
1598,885,801
1510,769,720
1500,721,675
1410,699,639
1331,686,651
1332,648,639
1200,626,596
1433,627,562
1491,641,562
1210,632,540
1120,591,532
1095,547,518
1068,520,503
920,496,547
1030,482,577
1010,489,532
1010,577,551
950,577,639
1020,508,623
930,486,695
897,496,741
1034,528,663
1090,489,728
965,474,728
971,480,728
1093,548,762
1070,505,695
958,558,562
943,558,496
950,492,503
1049,480,511
1034,512,489
1000,486,458
920,489,472
900,508,464
833,471,440
839,447,426
806,427,419
810,414,458
774,405,440
746,397,408
852,538,454
1150,680,679
1312,828,814
1247,769,623
1082,673,532
1003,551,472
782,480,433
709,444,458
746,424,405
710,411,402
678,397,419
700,384,408
653,379,388
624,372,370
603,364,405
654,364,391
649,364,381
610,359,377
576,349,370
547,344,381
510,339,370
584,339,360
561,335,340
503,325,330
561,316,343
552,314,317
526,309,305
528,307,317
497,311,305
534,314,305
550,320,343
530,318,314
513,354,294
540,320,299
500,302,305
483,300,305
539,307,282
566,323,288
500,332,288
497,311,280
464,297,294
459,293,266
455,288,260
433,286,255
406,279,255
432,279,250
422,275,260
405,270,250
400,266,252
407,264,244
425,261,234
405,257,247
414,253,234
404,253,247
403,251,263
401,251,252
396,249,244
411,253,234
424,266,237
440,277,242
442,275,234
413,243,235
397,235,259
390,233,244
423,231,220
463,245,230
427,260,230
377,245,226
380,235,226
380,228,226
375,224,230
440,224,230
408,236,235
405,260,249
536,461,249
638,439,244
491,371,249
500,328,244
560,352,249
540,326,261
466,306,249
470,272,244
429,260,332
420,252,320
400,245,275
380,242,235
362,233,226
386,228,239
362,224,254
359,218,244
400,216,226
358,215,235
330,215,239
343,211,235
300,208,218
251,202,222
281,199,286
397,193,320
233,193,314
387,193,244
240,194,204
265,194,201
215,193,201
350,192,201
330,190,204
337,190,204
360,193,206
250,199,259
309,199,222
360,199,214
300,202,207
300,202,201
290,202,206
282,199,207
270,196,209
256,193,218
275,190,216
283,187,213
264,184,198
276,179,198
275,177,197
339,177,198
287,196,230
336,204,235
373,210,226
330,210,211
294,193,207
273,182,220
241,176,232
201,171,239
209,168,235
220,166,244
200,163,269
209,163,269
232,162,230
210,163,222
196,168,230
209,171,230
217,164,259
186,159,275
176,155,272
185,153,220
172,151,218
173,150,224
174,153,224
204,156,254
212,160,254
202,155,244
214,150,254
191,150,286
180,150,294
195,150,317
175,153,320
182,155,345
183,156,358
203,158,326
195,158,280
215,163,314
201,160,314
246,168,336
204,187,391
172,168,326
235,166,371
268,200,473
236,184,432
305,164,418
382,193,411
405,280,446
474,384,504
531,264,500
570,193,471
323,190,672
281,207,831
205,179,624
180,171,656
175,161,618
495,261,640
745,651,1600
435,472,1370
407,430,1000
317,324,795
345,252,596
261,215,495
302,195,484
278,202,457
349,218,572
447,257,718
659,320,701
608,340,564
1013,352,537
1075,594,549
815,431,572
586,358,580
367,279,530
476,248,493
394,238,485
410,233,718
450,242,769
555,284,668
450,254,504
411,234,482
450,225,444
370,230,454
302,222,721
585,368,1630
738,403,1910
973,526,1920
1395,661,1670
2560,907,1690
4680,1450,1260
4061,1240,981
3323,1160,832
2728,940,767
2214,714,777
2751,796,1070
2545,824,1900
1958,628,1530
1747,534,1250
1500,479,1020
1342,489,882
2272,492,840
3079,601,866
3600,804,868
3850,866,906
3530,743,1180
4189,852,1380
4200,804,2070
3462,632,2220
2670,581,1900
3008,604,2290
3506,764,2040
3686,842,1770
3220,708,1340
2883,621,1160
3244,799,1310
2644,621,989
3079,537,1020
3267,601,1140
3785,716,1250
3745,1060,1910
3320,871,2100
2753,670,2310
3156,918,2540
4483,1050,2750
5400,918,2520
4905,1040,2550
4710,886,2100
4133,795,1780
3675,667,1510
3316,575,1450
3765,604,1470
4080,739,1360
3992,683,1420
5220,950,1390
6135,1920,1660
7307,1760,1820
7190,1360,2190
6940,1400,2700
8670,1780,2740
9790,2690,2610
10500,2420,2440
9240,1890,2420
8190,1980,2260
7360,1690,1930
7090,1460,1720
6690,1340,1580
7030,1480,1660
6720,1390,1460
6180,1550,1420
6290,1480,1410
5720,1490,1330
4560,1240,1140
3870,1090,1040
3340,944,971
3430,847,914
3460,964,994
3140,1260,984
3230,1120,1040
3640,1130,1300
3480,959,1350
3506,816,1220
3520,896,1020
3310,857,1060
3650,988,1260
3650,954,1350
3940,1120,1500
5260,1450,2030
5150,1360,1960
6130,1550,2060
6710,1960,2620
7350,2530,3230
6570,2720,2830
5690,2610,2370
4930,2070,2020
4270,1880,1700
4340,2110,1790
4830,2280,1620
5210,2300,1530
5120,1870,2120
6050,2760,2860
7270,2840,3780
7710,2640,4220
9200,2900,4940
8320,2390,4570
8035,2970,5080
9050,3620,4760
8460,3190,4640
7540,2680,4360
6910,2720,4010
6340,2990,3650
5470,2420,3230
4850,2260,2900
4240,2290,2400
3950,2080,2050
4080,1990,1840
3970,1920,1700
3880,1860,1700
3450,1680,1720
3010,1530,1460
3720,1700,1360
3520,1910,1290
3010,1680,1220
2900,1420,1190
2920,1710,1290
3500,1590,1220
3330,1770,1120
2930,1460,1060
3710,1480,979
3500,1650,926
2830,1420,873
2460,1190,823
2190,1050,807
1980,1000,797
2070,1280,781
1930,1260,836
1860,973,791
1720,886,795
1700,824,730
1620,775,804
1510,730,813
1510,714,778
1770,731,735
1930,752,765
1610,696,831
2360,809,1080
2440,1030,1250
2280,876,1480
1830,781,1300
1820,764,1160
1700,822,1060
1650,1070,1050
1500,1040,975
1340,760,886
1350,682,813
1310,652,713
1230,642,684
1240,608,692
1150,591,705
1230,580,646
1310,618,658
1250,1330,775
2350,2170,952
7380,2860,1310
4930,1980,1950
2970,1620,1660
3240,2080,1440
5500,3080,1500
4590,2720,1390
3910,2640,1180
3370,2240,1040
2940,1930,925
2670,1790,865
2110,1630,856
2410,1460,893
2110,1380,886
3600,2770,872
3150,1910,1090
2350,1520,1130
1870,1290,991
1690,1140,859
1600,1040,744
1520,978,722
1480,928,714
1420,888,670
1320,860,662
1300,833,621
1400,812,588
1200,780,553
1170,750,532
1120,718,524
1110,695,544
1070,668,538
1070,659,522
1000,657,528
1120,631,524
1110,644,489
1040,659,457
1030,615,432
950,594,432
1080,601,504
1120,644,473
1100,746,568
1130,738,564
1060,644,530
940,601,504
910,570,442
900,547,425
850,528,432
840,516,439
810,509,394
1000,506,464
780,503,482
750,494,460
760,485,453
730,478,422
710,466,398
690,454,377
660,448,394
650,436,391
630,424,398
680,412,401
670,406,391
650,400,368
640,389,361
650,386,354
650,377,348
630,383,347
640,379,347
620,375,340
610,371,334
630,373,334
610,366,347
590,358,354
600,354,368
620,366,368
580,362,386
610,352,412
580,350,412
580,346,420
550,344,427
530,338,442
500,334,457
450,328,454
480,322,481
560,322,465
540,324,427
500,332,420
510,334,420
490,334,390
570,346,397
580,368,397
570,354,368
540,338,412
530,340,383
510,340,376
490,340,354
470,346,347
720,424,401
1010,615,427
685,485,379
685,429,347
500,410,320
534,406,291
484,383,267
525,371,279
511,371,262
565,482,270
518,419,317
500,381,334
473,360,314
430,346,340
435,334,372
423,328,383
450,330,372
440,330,376
518,346,379
560,457,354
540,381,386
520,338,390
450,318,397
413,306,383
354,298,347
356,298,368
324,310,310
450,386,337
600,511,394
680,565,405
740,715,484
740,578,531
604,465,457
459,434,412
550,449,390
490,462,390
470,412,405
475,388,397
450,377,412
410,375,427
400,362,465
420,354,481
390,344,488
370,336,450
340,326,420
310,318,347
280,312,320
260,306,307
310,302,340
370,296,454
333,288,535
300,280,477
270,276,473
253,274,559
235,274,516
274,274,512
338,274,504
307,270,473
280,262,465
280,264,450
310,298,397
450,383,473
480,375,481
410,318,465
330,296,551
286,282,520
258,302,488
316,346,488
304,338,481
317,342,461
450,379,520
480,473,535
460,348,543
420,336,496
415,320,481
396,322,504
390,350,488
364,346,438
386,310,454
402,292,347
324,276,376
314,270,397
293,358,524
350,392,539
319,302,465
393,266,420
340,254,397
360,282,383
456,360,496
455,383,386
613,392,327
560,342,361
600,338,461
550,322,477
555,352,406
644,383,420
636,460,532
522,449,634
650,375,898
700,356,863
632,401,680
650,390,526
570,514,437
800,488,416
572,460,419
650,425,585
763,666,908
1272,1180,1290
2570,1300,908
3740,1170,778
2256,944,658
1470,810,538
1142,664,498
972,558,448
797,498,449
866,496,522
890,493,490
1306,708,494
1500,765,512
1531,729,1010
1810,645,1390
1800,720,1340
1670,867,873
1764,790,743
1332,667,831
1130,694,870
1015,561,830
950,510,694
1090,478,712
955,464,675
2040,898,1000
2600,1020,1330
2550,789,1370
4256,1600,1490
6730,1860,1230
6200,1420,1040
4973,1340,875
4071,1340,801
3390,1110,766
2635,948,714
2560,846,700
2400,798,608
2610,777,724
2990,823,1140
2994,814,992
2840,812,760
2770,1230,2040
3345,1480,2580
4249,1190,2280
4168,1070,1830
3380,1000,1410
3380,1080,1160
3120,873,942
2711,845,844
2305,788,814
2634,826,779
2960,952,746
2817,743,742
2960,932,656
3394,1030,651
4560,1480,724
4360,1900,924
4402,1710,1000
4430,2180,1140
4100,1580,1366
3680,1330,1520
4379,2250,1330
4780,1580,1240
4305,1410,1100
4136,1570,952
5890,2480,1100
5562,2180,1950
6300,2640,2830
8090,3230,5300
9090,3600,6360
8800,3280,6460
7510,2390,5090
6200,2050,3540
5170,1880,2640
4260,1620,2060
3969,1450,1690
3600,1440,1590
3380,1430,1640
4560,1400,1520
4041,1390,1640
4090,1260,1650
8515,1600,2520
8710,1700,2280
7840,1620,2740
6530,2310,3420
5810,2160,3000
5430,1760,2600
4840,1500,2210
4042,1390,1840
3720,1330,1640
3350,1180,1600
3240,1140,1650
3360,1160,1660
3450,1250,2020
3610,1250,2100
4050,1360,2400
3670,1270,2250
3710,1130,1850
3797,1240,1660
3610,1330,1430
3060,1170,1280
2630,1040,1150
2385,944,1090
2330,853,1060
2110,813,1010
2720,1000,1160
2760,1160,1260
2840,1320,1090
4400,2070,969
4460,1560,856
4370,1850,815
4760,1840,729
4870,1810,802
4280,1890,941
3460,1380,833
2908,1320,969
2700,1180,992
2560,1030,802
3660,1020,671
4140,1280,655
2770,1310,631
2300,1110,623
2210,975,623
1940,876,591
1826,814,535
1730,765,524
1580,732,508
1590,770,488
1560,751,492
1580,748,492
1500,747,489
1440,732,541
1510,680,614
1407,671,585
1600,843,1120
1570,981,1560
1590,863,1760
1850,817,1320
2100,761,1310
2260,780,1920
1890,750,1710
1990,742,1830
2170,904,3760
2750,1840,5020
2350,1280,4100
2210,1190,2780
1830,1050,2050
1790,921,1660
1660,880,1380
1530,760,1250
1470,720,1170
1350,785,1060
1500,734,1010
1340,940,1200
1410,892,1760
1290,781,2110
1160,722,1870
1230,681,1540
1150,656,1340
1190,646,1170
1230,632,1050
1150,611,969
1320,608,920
1420,642,878
1290,598,867
1390,571,972
1270,692,1050
1250,811,956
1250,777,856
1425,1070,808
1210,1040,744
1120,828,700
1060,730,642
950,663,651
950,615,631
990,575,631
880,549,623
890,527,607
870,514,615
850,502,579
850,488,559
800,482,567
800,471,587
790,460,567
790,468,512
750,454,512
750,442,508
720,434,473
690,429,450
730,436,435
770,442,469
730,424,412
710,422,390
660,429,390
620,415,386
680,406,368
630,397,368
660,392,361
610,388,376
810,397,401
884,479,465
755,462,477
900,663,520
820,601,583
757,473,551
710,429,535
687,408,512
620,397,512
544,388,496
647,379,481
560,375,473
600,366,431
620,379,442
620,442,543
540,388,571
560,379,539
590,371,512
568,366,473
504,360,496
560,356,431
522,350,465
516,346,457
519,344,412
540,342,412
500,338,442
470,330,427
480,326,412
470,326,412
450,324,405
500,322,412
495,292,403
463,290,374
444,290,410
450,292,395
475,290,433
557,339,448
622,433,456
572,348,448
473,321,448
433,294,323
456,282,263
460,282,266
450,277,263
440,273,260
466,277,214
480,294,214
450,294,221
410,286,233
477,284,253
481,282,253
395,277,346
433,273,403
430,271,414
420,269,456
417,265,418
380,258,429
381,252,410
386,248,302
406,246,238
390,246,238
320,244,233
390,242,299
371,240,418
353,240,425
401,244,410
320,244,305
380,236,231
370,232,243
350,228,260
347,224,233
346,228,228
308,246,226
378,284,233
404,275,236
368,261,236
340,252,243
392,254,233
310,248,238
300,242,226
350,234,224
351,232,219
390,232,226
366,230,224
336,228,226
297,224,216
290,234,284
330,597,687
420,482,894
396,373,683
323,330,566
347,308,496
350,299,488
314,290,500
312,277,456
310,273,460
260,261,504
270,252,504
400,258,545
403,286,545
362,352,562
560,414,570
660,466,587
578,446,604
520,387,583
510,350,579
450,327,529
410,308,488
440,294,480
440,330,480
390,375,537
310,294,520
300,269,496
250,256,488
220,244,464
300,256,464
410,330,480
430,339,448
400,290,360
350,299,418
280,280,512
300,286,488
347,310,488
420,271,488
360,265,496
320,250,403
340,236,472
300,232,456
297,222,374
320,212,381
290,204,399
210,200,433
210,224,480
195,230,570
200,200,516
220,189,468
203,186,444
200,186,516
210,186,480
200,186,516
210,182,496
198,172,433
180,163,425
170,161,360
200,161,425
248,210,388
350,569,596
390,418,804
440,433,727
455,436,648
470,402,604
350,380,529
360,378,583
440,406,591
590,443,480
610,411,516
660,604,1210
800,433,866
750,348,661
600,319,541
656,336,496
1190,343,516
1330,492,508
850,426,370
680,375,323
650,346,330
2030,934,364
1900,923,339
1193,711,384
1367,674,395
1613,818,388
1675,628,374
1730,733,392
1634,918,570
1592,880,619
1456,643,692
1830,826,1800
2200,2390,2830
2790,1800,2260
3682,1430,1500
4470,1550,1140
5740,2080,1080
5543,2420,947
6825,3660,778
7520,5160,771
7930,6210,1450
5920,4080,2010
5410,2920,2260
4415,2470,2150
3860,2160,2230
3390,1830,2060
3590,1430,1620
3793,1400,1440
4310,1740,1680
5425,2610,1780
5650,2350,1880
4175,1730,1560
3564,1280,1280
3040,1020,1110
2534,962,1210
2230,838,1120
2070,776,1030
2443,1270,1410
3750,1760,2020
3190,1320,1700
2490,1010,1320
2170,844,1270
3340,970,1310
2416,810,1200
2570,952,1220
3583,973,2250
4667,1900,3020
5067,2230,2900
5170,1920,2420
4223,1610,2120
5720,2570,5530
5797,4070,8340
5700,2410,8170
5670,1980,6440
3830,1680,4430
3685,2630,4040
4336,2590,4170
4089,2020,3780
3420,1740,3140
3050,1470,2540
3565,1530,2530
4465,1760,3100
5884,1920,3060
6910,1650,3190
6400,1550,3030
5154,1470,2720
6075,1530,2480
7005,1880,2400
6780,2240,2420
4970,1790,2700
4307,1540,2840
4850,1900,2880
4390,1870,2980
4000,1720,2900
4250,2210,3150
5810,2100,3200
7450,2460,3450
7450,2320,3410
7370,2070,3480
8690,2840,3860
9940,3800,4080
7410,2800,4100
5944,2360,3930
4796,1880,3460
4102,1680,2900
3620,1500,2450
3303,1350,2070
2973,1270,1840
3847,1780,1690
3410,2250,1830
3647,2150,2440
3600,2890,3500
4020,2740,3770
4020,2580,3360
3393,2210,2870
2936,1700,2420
2680,1560,2140
2710,1620,1960
2625,1600,1870
2923,1420,1780
2635,1890,1650
2450,1580,1500
2862,1620,1520
2540,1600,2280
2810,1370,2240
2426,1350,1900
2240,1170,1660
2150,1020,1480
1997,974,1350
2320,976,1300
2940,967,1280
2890,1070,1180
2682,1320,1140
3120,1500,1010
2580,1430,948
2313,1350,941
2364,1160,906
2990,1540,973
2840,1740,1310
2493,1330,1300
2230,1070,1100
2040,884,1010
1969,796,968
1640,770,870
1677,742,828
1710,746,809
2201,817,800
1923,817,818
1742,912,795
1768,912,928
1919,967,953
2480,1150,978
2172,1180,904
2190,912,828
1822,813,709
1624,756,722
1630,733,736
1560,726,670
1512,707,634
1430,692,626
1360,689,639
1410,674,626
1416,805,791
1608,835,818
1590,1220,718
1410,1050,634
1419,967,674
2313,1530,1210
2171,1270,1050
1907,1140,828
1544,996,732
1412,864,709
1293,833,665
1350,823,621
1380,818,591
1518,760,562
1860,1040,875
1950,869,963
2060,838,781
1598,784,705
1840,789,613
1785,818,570
1785,765,562
1680,821,528
1590,880,552
2710,1560,885
4719,2950,1660
4510,2300,1400
3814,1820,1150
3885,1720,956
3490,1550,880
3487,1600,845
4157,2140,794
3750,2180,885
3019,1790,988
2557,1500,1310
2700,1380,1060
2520,1180,875
1933,1080,768
1897,1020,692
2147,1020,639
2410,1050,596
1637,952,587
1637,870,562
1610,826,537
1725,977,520
1586,951,480
1380,817,472
1350,753,456
1310,707,444
1283,674,433
1283,649,464
1120,631,448
1160,613,421
1037,603,395
1116,593,367
1017,588,388
1040,578,388
1014,568,388
910,558,441
966,553,410
920,538,388
930,531,384
1010,524,388
900,519,364
837,507,384
887,495,360
785,490,356
844,486,353
731,478,353
730,469,350
759,466,346
796,464,339
783,457,353
727,457,330
723,457,326
705,454,308
713,447,311
741,445,314
624,438,308
720,435,314
730,442,317
706,447,323
684,438,317
614,433,350
600,428,314
641,418,320
654,406,336
627,404,302
610,399,284
602,399,290
630,351,289
560,351,305
501,347,339
564,340,332
573,340,349
536,338,349
547,336,322
572,334,318
544,334,298
534,338,277
560,338,292
690,379,322
780,487,349
714,407,359
574,360,345
544,351,325
540,338,298
510,330,298
510,321,325
483,317,302
502,315,298
485,309,286
472,307,274
533,313,280
586,384,318
680,532,438
750,509,391
710,450,395
583,389,395
554,365,342
557,356,342
521,351,322
544,370,388
528,384,402
500,379,391
536,362,366
481,342,345
463,334,295
515,325,318
433,321,283
455,313,286
506,311,292
456,309,342
410,305,280
372,301,332
400,295,286
435,289,266
414,289,286
387,289,298
400,289,289
431,289,308
382,309,305
506,516,417
600,447,500
500,379,409
460,332,399
456,309,395
430,293,453
423,282,402
348,274,377
330,273,345
309,271,366
312,274,345
302,280,366
371,278,373
357,293,402
362,351,438
389,330,402
380,356,399
347,338,384
409,317,352
369,305,381
368,289,395
340,282,366
313,271,413
300,260,352
329,257,352
320,271,377
416,387,445
525,405,456
482,319,431
400,301,438
369,260,456
331,250,325
295,243,424
280,250,388
315,267,370
303,243,377
294,237,370
304,295,356
422,549,633
440,432,868
452,367,677
450,325,558
400,276,558
371,260,474
334,246,474
290,237,463
280,230,435
250,227,402
282,230,377
241,301,342
290,377,349
270,276,352
310,250,377
304,248,384
290,253,402
293,243,453
286,240,642
284,229,590
260,229,474
220,253,453
260,264,467
290,243,467
310,358,467
390,347,523
391,345,582
440,389,542
427,365,853
476,379,878
422,330,643
446,340,602
416,374,671
324,288,651
395,506,692
340,407,1000
369,342,904
408,424,833
787,613,940
827,549,865
928,573,1860
855,608,1560
1353,749,1150
2154,1850,2390
3850,1750,5160
2140,1180,3410
2250,1030,2070
2147,895,1540
2480,1110,1300
2938,1470,1190
3764,1380,1030
2760,1130,956
2075,1060,1040
1795,1000,1390
1790,1410,3080
1800,980,2520
1660,808,1580
1420,766,1240
1350,822,1280
1640,762,1210
1925,1170,1330
1556,1050,1630
1477,952,1490
1820,1060,1420
2210,1050,1400
2050,763,1440
1892,706,1610
2186,848,1720
2010,819,2100
2020,717,2120
2203,897,2240
4030,1170,3540
3890,1140,3900
4490,1190,4030
5287,1140,4660
4820,933,3860
5640,887,3440
4600,1010,4040
4174,772,4130
3744,663,3460
4650,650,3190
3224,567,2460
2845,506,2210
2680,575,2370
2562,542,2300
2735,554,2120
3906,777,2290
4230,1150,2370
3572,917,2180
3277,819,2370
3340,744,2430
5052,1320,2950
5175,1590,3040
4020,1370,2500
3346,920,2140
3340,854,1900
4727,1390,2280
4930,1440,2590
4350,1110,2400
3720,1380,2210
3612,1190,1870
3324,1220,1560
4410,1430,1480
4240,1240,1370
4370,1070,1220
5970,1320,1340
5530,1400,1480
5380,1320,1460
5243,1030,1410
4408,901,1340
6170,1180,1510
8050,1310,3140
6432,1120,3760
5730,1090,3510
4896,977,2900
4890,1150,2890
7262,2620,3470
11225,2190,2920
8463,1620,2380
6400,1550,2290
4856,1360,2140
5625,1460,2890
10595,2820,5960
13505,2700,7340
10300,2150,6800
7176,2010,5550
6020,1770,4400
5530,1690,3460
5030,1580,2720
4277,1560,2500
4326,1410,2360
5400,1780,2560
9787,2410,4500
12510,2500,5720
11000,2280,6050
9990,2750,6130
9470,3580,5180
9310,4600,5490
11586,5860,6840
10900,5600,6640
9640,5760,5660
7947,4780,4940
6300,3520,4150
5480,2920,3510
4915,2510,3180
4880,2440,2830
4005,1960,2500
3745,1820,2360
3650,1770,2500
3900,2240,2300
3395,2010,2060
2940,1590,1900
2810,1400,1720
2390,1270,1530
2290,1130,1390
2170,1040,1380
2100,999,1410
1930,1000,1460
2115,938,1400
1720,876,1340
1820,838,1210
1535,782,1220
1617,714,1120
1575,665,1020
1430,635,1000
1540,641,975
1760,618,1010
2125,652,1000
2150,957,1040
2114,834,959
1725,861,829
1730,1160,848
1730,1240,838
1660,913,829
1830,831,898
1863,759,944
1460,682,868
1348,632,829
1260,610,829
1225,593,775
1270,758,799
1498,754,775
1735,752,809
2150,754,834
1960,975,738
2412,1000,705
2025,930,633
2180,1050,824
2170,1230,1130
1976,1120,873
1725,904,756
1430,756,668
1280,655,659
1150,595,607
1125,552,582
1140,520,558
1090,493,550
1054,480,523
1010,484,542
1080,480,595
1070,480,655
1000,506,673
985,499,677
962,480,691
1030,468,799
1114,525,799
1355,726,714
1080,542,686
1020,462,642
960,441,566
990,446,531
1680,867,531
2610,1580,908
1800,817,1200
1320,618,928
1190,540,733
1060,488,616
1057,471,616
1015,480,550
1030,436,497
916,435,538
910,421,515
823,407,508
865,394,453
820,384,445
865,379,442
780,377,435
820,374,445
785,370,435
745,374,420
820,382,409
866,370,402
745,370,424
802,365,474
625,356,471
830,353,435
705,356,395
700,351,373
720,360,377
755,382,453
1040,438,471
1403,595,527
1285,559,445
960,450,417
900,416,395
1035,474,395
897,447,406
887,400,388
780,379,395
770,362,373
747,349,388
660,340,381
720,330,352
625,325,352
669,319,352
760,365,332
640,351,366
618,323,325
639,317,325
664,311,342
626,311,352
811,317,311
930,453,311
917,413,315
789,358,298
706,334,305
710,321,298
623,313,298
632,307,332
968,465,345
1250,973,607
1052,610,980
917,480,829
771,432,616
735,410,508
705,380,449
776,364,431
1218,555,484
1437,565,592
894,450,638
2059,1330,576
4345,1640,647
2402,1120,798
1860,880,743
1560,764,638
1350,680,571
1252,616,531
1170,576,453
1020,523,484
970,488,476
900,462,461
890,434,446
790,412,397
960,394,386
800,378,364
780,366,368
760,360,353
750,348,371
840,336,371
720,332,357
650,326,329
650,320,336
730,316,350
674,308,323
660,297,319
634,295,313
636,290,307
637,288,336
649,291,346
620,291,350
600,291,323
566,286,285
593,277,323
643,277,394
700,296,431
668,286,343
610,281,336
598,267,343
790,279,401
745,332,523
675,321,555
648,364,457
635,372,379
580,301,364
560,277,360
530,258,350
560,245,339
540,249,343
500,249,336
476,241,371
444,226,350
430,218,379
458,215,405
500,220,431
460,213,423
500,207,382
418,202,394
405,196,379
450,191,438
385,190,453
450,186,420
430,186,472
400,186,323
420,187,195
380,191,262
380,193,446
400,196,423
450,196,412
440,204,492
470,245,442
510,230,371
440,204,551
410,191,613
400,191,596
420,210,571
410,272,547
440,254,555
610,350,547
670,377,476
540,334,476
497,263,507
570,258,523
650,289,496
536,252,547
568,263,621
470,236,630
473,226,563
416,226,523
370,206,468
330,192,511
358,183,438
360,183,357
290,182,332
270,181,343
300,180,316
320,187,224
420,223,360
380,199,431
300,179,357
240,171,397
290,170,408
300,256,446
480,475,496
560,321,423
400,230,580
450,200,664
464,223,681
550,265,703
570,258,630
550,226,621
500,220,600
470,193,515
700,196,379
720,230,488
680,234,716
600,289,600
545,256,472
460,207,472
430,195,423
490,196,405
400,187,488
340,178,488
250,170,446
200,167,465
220,167,382
300,186,400
390,190,594
470,212,767
400,200,756
280,188,1080
440,186,1190
350,206,919
300,186,837
590,212,963
680,432,1170
780,588,1080
1010,669,970
1080,612,1830
1090,599,2300
1140,536,2420
1210,542,2170
900,487,1940
600,423,2260
780,723,2250
770,949,1750
720,647,1220
580,450,985
500,366,748
460,481,671
900,723,900
960,699,1060
1250,920,955
1290,783,714
1150,761,622
1570,797,620
1540,830,617
1300,699,715
1520,1150,1290
1910,1470,1530
2310,1540,1400
2620,1380,1400
1750,903,1080
1950,711,854
2080,633,911
1490,699,832
1270,707,711
1100,903,1180
1600,881,1820
1890,914,2310
2700,779,2450
3140,886,2420
2650,770,1570
2240,665,1140
4010,1460,1760
10000,1560,2370
9160,1070,2140
6970,1060,2100
6630,1100,2060
5710,1030,2400
4700,934,2270
4330,735,2270
3350,640,2110
3270,657,2150
3180,634,2140
3230,640,2090
2715,587,1720
2730,552,1570
3290,600,1360
3730,651,1460
3530,812,1530
3190,826,1570
2770,630,1400
2360,536,1140
2050,479,1080
1880,432,918
2370,491,927
2130,493,1080
2930,536,1480
4700,2730,1200
3420,2560,1150
4400,1110,1060
5100,1450,1520
5890,1720,3800
5360,1690,4130
4220,1850,3260
4350,1640,2600
3830,1270,2230
3230,1040,1740
3430,984,1590
3220,1100,1720
2700,903,1570
2650,776,1310
2190,692,1080
2150,691,960
2310,700,1040
2960,634,1250
3530,779,1540
3850,976,1760
3940,1030,1900
3670,1110,2140
3320,1030,2430
2875,986,2040
2960,1210,2000
4590,1620,2620
4350,1580,1940
3670,1620,1550
3150,1160,1330
2770,907,1160
2600,802,1120
2840,875,1150
3350,914,1200
3860,1150,1180
4100,1200,1250
6960,2800,2920
8510,2040,3120
6520,1500,2450
4970,1500,2450
5630,1620,2060
4710,1350,2440
4970,1200,2070
5640,1780,1860
5300,1620,1730
4730,1720,1600
4100,1270,1590
3370,1140,1510
3690,1100,1440
4410,2420,1490
4410,3420,2050
3320,2440,2270
2900,1620,1980
2810,1350,1610
2750,1220,1390
2400,1090,1210
2130,994,1100
2170,908,1020
2270,904,1100
2020,955,1470
2020,863,1110
1770,796,951
1970,1040,1080
2000,1470,1040
2650,1970,1620
2500,1460,1300
1890,1060,1000
1740,902,877
1520,810,791
1520,748,746
1720,712,788
1850,702,1140
1790,743,938
1670,760,849
1460,648,788
1490,621,725
1340,589,699
1310,572,668
1200,548,647
1240,523,677
1260,506,640
1260,540,902
1200,534,888
1280,486,779
1410,592,1360
1650,734,1460
1490,586,1140
1220,503,873
1150,464,735
1030,443,664
1090,424,571
1025,418,527
980,416,604
1060,411,551
960,408,539
965,405,523
890,400,523
1030,395,515
1100,397,535
1144,432,511
1010,423,488
980,423,472
1130,500,461
980,450,476
940,444,453
890,391,431
905,375,423
850,380,431
780,358,431
830,337,431
720,332,423
672,326,375
770,319,371
690,306,357
650,298,357
660,289,297
690,284,297
590,277,297
685,277,294
660,272,291
600,267,291
590,260,291
556,254,300
568,249,279
526,247,268
560,247,291
633,247,224
576,245,230
576,245,224
500,241,297
500,239,274
570,237,265
502,237,260
550,239,254
548,241,262
440,237,297
530,234,300
490,230,276
520,230,279
510,236,279
520,234,357
540,234,375
530,249,316
548,279,323
502,279,323
586,279,282
530,291,274
510,265,282
486,245,323
466,234,310
470,228,319
430,226,313
470,220,316
430,213,294
424,212,257
440,210,240
460,209,257
460,207,246
440,206,240
420,204,332
390,203,232
400,202,282
410,202,288
420,198,286
440,198,292
400,196,262
380,196,226
410,196,239
400,193,306
410,192,267
430,187,229
374,185,306
402,185,297
384,185,295
404,193,286
448,204,292
446,223,212
446,253,246
445,264,257
440,270,262
436,229,231
450,211,205
420,205,203
410,199,190
400,198,199
400,196,173
395,195,178
390,192,175
385,189,166
365,187,197
370,193,244
390,201,267
411,238,283
400,208,303
427,195,283
393,186,267
320,180,283
400,176,292
350,173,286
340,170,270
322,174,229
310,187,222
342,193,236
309,195,275
315,189,267
362,183,281
315,179,281
287,178,197
297,176,165
328,174,171
304,171,175
267,169,166
292,173,178
312,192,194
355,185,182
370,182,173
315,176,173
268,171,176
296,174,188
305,176,194
250,174,231
240,170,226
230,165,214
262,161,270
235,156,300
198,153,306
228,150,262
272,149,278
261,149,335
283,148,300
216,148,265
245,148,262
216,147,254
196,147,244
190,147,244
214,146,231
200,146,217
260,148,231
315,161,265
333,283,320
452,279,344
440,215,267
350,232,344
300,264,395
365,218,314
305,210,344
285,205,309
257,185,265
251,173,278
237,164,281
210,161,236
185,158,219
205,158,270
192,154,281
217,152,283
354,155,311
300,171,303
220,208,265
214,218,283
359,502,365
431,389,375
460,281,326
535,345,297
470,461,338
482,378,303
543,311,267
492,295,241
390,260,267
460,260,322
1300,589,563
1760,1650,1400
1420,1290,1430
1350,874,972
962,779,860
725,584,623
648,475,530
500,398,479
580,355,442
450,326,408
300,297,378
245,286,428
378,331,477
388,355,515
480,329,481
340,270,411
355,252,398
406,267,284
330,308,389
470,697,900
700,712,774
920,568,593
751,393,500
450,321,391
470,279,338
350,256,317
383,267,278
325,266,341
240,247,416
371,372,958
1100,560,1710
1575,1080,3080
1160,808,2430
1835,2180,2110
6510,3490,2480
5220,3070,2180
4065,2330,1770
2810,1550,1450
2270,1200,1020
1760,956,761
1680,821,663
1523,729,594
1547,668,632
1520,621,531
1480,549,470
1780,989,519
2458,1190,847
2040,750,847
1490,625,749
1700,596,682
1642,555,940
2020,619,1090
2580,994,1800
2134,960,1090
2212,885,864
1940,818,744
1370,659,693
1180,565,623
1122,499,566
1680,476,558
1180,510,698
1035,505,667
1490,734,1130
2050,840,2140
2020,844,2030
1880,742,1320
1815,670,1270
2020,699,1390
1920,1130,1320
1710,1050,969
1530,779,856
1634,642,1450
2770,703,1810
3440,858,1960
4158,742,2080
3000,754,1690
2325,622,1350
1900,534,1070
1632,465,900
1495,419,807
1610,430,826
2500,714,960
2010,680,1030
1670,473,890
1792,443,788
3130,931,924
6070,2520,1920
6610,2200,3790
4430,1390,2780
3380,1170,1790
3100,892,1490
3290,899,1560
3530,884,1700
2982,780,1410
2960,741,1320
4520,1620,2680
8550,2720,5720
9070,3330,6780
7820,4500,6330
5990,3720,5290
4460,2340,4090
3760,1890,3040
3470,1570,2230
2945,1290,1720
2690,1090,1530
2490,1010,1430
2690,1310,1560
2710,1440,1620
2850,1380,1720
2390,1170,1530
2680,1050,1320
2370,1020,1250
2940,1140,1490
5490,2830,2520
4560,2890,2750
4960,2230,2290
4175,1910,2030
3820,1600,1690
3310,1280,1420
2680,1250,1330
2570,1400,1590
2930,1260,1520
3170,1260,1420
3275,2050,1420
3950,1920,1610
3270,1460,1500
3000,1210,1690
2660,1090,1420
2475,954,1140
2264,924,1010
2490,856,1050
2740,832,1110
3330,860,1360
3200,1060,1740
4235,1070,1730
6190,1410,1800
4750,1430,1480
5160,1390,1280
4100,1200,1280
5470,1850,1480
4060,1520,1550
3430,1250,1810
3170,993,1410
2930,850,1180
3175,1230,1050
5190,3380,1260
5350,3080,1750
3950,1910,1530
3140,1470,1280
2770,1250,1010
2600,1120,935
2440,1130,944
2480,1200,827
2470,1200,807
2225,1100,754
2910,999,730
2085,973,735
2300,1010,716
2040,1090,698
1820,930,684
1900,877,693
1790,912,812
2070,1100,1070
2390,1040,897
2330,1140,725
2550,861,740
2160,861,740
1960,942,653
1740,808,640
1610,714,539
1460,647,477
1470,612,435
1450,600,445
1410,571,449
1400,560,449
1670,543,456
1775,659,456
1460,727,408
1440,627,418
1360,564,401
1400,536,401
1275,512,372
1496,532,385
1400,557,332
1360,493,368
1460,470,372
1510,493,356
1560,502,317
1480,557,297
1283,493,347
1240,452,344
1170,431,300
1150,414,286
985,395,292
1050,378,289
950,368,283
940,358,289
960,350,281
870,340,262
950,330,249
820,320,244
850,313,270
840,306,249
760,304,259
690,299,262
935,318,241
800,308,231
935,333,411
1010,355,353
770,318,362
772,290,306
728,281,335
774,273,353
722,270,283
711,270,292
801,368,395
790,434,404
850,338,314
760,297,283
644,277,270
703,264,254
694,262,278
634,260,252
612,256,262
665,258,259
665,304,292
650,353,272
696,318,283
644,288,292
653,311,257
790,400,314
736,333,306
654,297,283
536,275,275
612,258,249
584,249,244
600,243,252
520,238,226
422,232,241
590,230,214
585,227,217
586,223,241
511,222,231
470,218,224
500,217,222
495,217,234
526,217,212
481,218,210
482,213,222
483,208,239
430,208,210
490,204,212
470,201,219
455,198,188
453,196,186
439,196,205
473,195,208
471,193,214
442,193,350
423,196,239
405,216,196
414,215,155
417,208,180
432,208,191
410,211,192
438,208,184
437,208,209
437,206,206
410,205,192
428,209,223
430,226,198
452,301,261
471,311,253
493,379,275
465,316,272
462,281,260
430,259,287
373,246,271
391,236,265
483,230,277
430,231,288
410,253,284
401,257,376
440,248,271
412,228,333
400,218,331
362,210,329
345,202,312
375,197,281
330,195,278
279,196,287
290,190,279
342,188,255
372,186,252
315,185,223
350,185,166
329,184,156
360,182,152
320,182,171
300,193,296
295,185,228
310,179,153
315,178,148
333,177,221
335,194,190
336,216,266
335,208,290
280,186,311
240,175,297
215,166,250
200,158,203
242,158,184
251,160,239
217,164,215
233,164,192
280,157,175
235,153,169
176,149,163
205,146,156
226,146,162
270,148,161
250,147,160
198,156,158
212,175,173
265,177,165
246,173,152
240,163,174
248,162,166
246,166,164
217,172,194
240,169,351
275,164,319
245,156,258
245,154,241
192,150,291
189,150,203
235,165,194
225,160,170
175,153,179
220,161,185
241,265,203
305,460,307
375,341,328
406,457,356
525,702,355
850,768,363
898,549,422
760,395,346
480,346,300
275,290,262
204,257,228
250,235,210
288,222,179
362,308,173
365,386,201
460,340,192
588,324,193
575,298,181
478,263,194
386,227,188
227,208,175
218,197,184
195,193,177
173,214,172
235,279,168
270,231,186
252,225,181
340,203,135
385,192,149
338,214,182
342,276,210
296,252,265
264,258,227
225,260,307
240,194,195
285,249,208
295,293,317
275,331,399
295,443,407
275,347,504
249,229,363
219,193,235
221,179,228
240,170,207
190,175,238
155,170,210
147,164,176
128,168,226
222,317,190
472,590,327
519,331,320
410,249,224
322,213,219
284,187,225
210,173,183
190,161,159
162,151,166
153,144,128
140,140,123
145,141,131
200,194,180
180,179,410
181,149,322
165,148,213
180,165,102
185,150,308
173,176,337
190,160,236
220,152,500
340,202,599
390,375,532
400,349,460
373,293,489
734,711,1340
960,511,1430
676,372,1200
692,374,1180
750,470,1960
731,582,1870
680,362,1190
820,441,1150
910,362,1360
920,315,1280
1200,416,1020
1590,481,810
1500,349,781
4120,884,1240
3260,1220,2690
2833,1080,3910
2500,994,3600
2180,828,3110
1685,658,2320
2020,579,1680
2700,698,1880
3140,751,1920
3250,725,1470
3425,715,1450
2810,768,1320
3039,811,1110
2835,729,1140
2780,785,1880
2900,688,1700
2960,952,1340
4560,1120,1620
5570,1140,1790
4840,1050,1900
3940,907,1730
3140,764,1380
3020,685,1460
3400,948,1680
3600,844,1590
4300,1050,1410
3570,1200,1650
4340,1880,2530
4950,1960,2240
4430,1460,2090
4040,1150,2060
4010,1150,2310
3750,1080,1780
3390,944,1780
4260,891,1520
4620,901,1420
5210,1460,1550
4050,1350,1380
3740,1140,1310
4770,1070,1250
3600,1500,1250
3000,1230,1160
2560,931,953
2140,817,730
2030,704,625
2265,626,516
3060,2060,532
2770,2200,1160
2335,1450,1430
2120,1290,1330
3545,1390,1690
3200,1090,1290
3520,1210,1200
6300,1480,1270
7800,1670,1280
6930,2100,1340
7515,2170,1580
8120,2590,1780
6750,3790,1900
5340,2460,1840
4820,1750,1360
4760,1590,1250
5790,1640,1230
5140,2080,1350
4580,1650,1280
4580,1600,1210
4535,1470,1080
4210,1500,1410
4780,1860,2230
7090,1900,1900
6945,3110,2830
8160,3110,3040
6660,2150,2400
6630,1800,1880
6500,2320,1930
7110,2490,1970
6375,2170,1950
5400,2180,1970
4670,1890,1550
3740,1600,1130
3465,1340,940
3130,1230,770
2950,1170,796
2730,1070,739
2670,1020,722
2420,1140,682
2460,1120,637
2230,1130,575
1980,921,497
1900,820,568
2530,792,538
2700,956,519
2200,921,537
1950,779,513
3340,758,504
4870,5150,631
2960,2600,1070
2250,1480,982
2040,1280,838
1800,1120,644
1860,1110,535
1860,1080,590
1725,1040,647
4267,1220,502
4980,5920,915
2995,2750,1850
2370,1810,1440
2485,1570,1170
2320,1380,1150
2080,1210,856
2020,1190,712
2030,1220,755
1785,1080,836
1748,1110,815
1610,1100,650
1615,993,583
1457,917,537
1400,846,475
1310,782,510
1210,727,480
1205,688,436
1052,655,453
1000,621,363
1080,603,327
1180,592,330
1170,573,282
1110,559,303
1170,587,325
1085,569,285
1020,533,247
960,510,259
910,495,287
960,483,287
1025,483,288
1040,568,268
1080,559,241
1990,741,255
3170,1070,317
2290,990,357
1950,816,341
1780,713,321
1460,678,289
1210,628,319
1170,586,286
1175,544,253
990,513,257
1470,568,257
1540,591,363
2085,712,511
1840,832,580
1480,612,376
1280,534,312
1160,503,354
1050,472,386
1030,451,322
940,448,287
990,452,288
1060,493,286
1040,484,236
1000,437,175
915,418,188
840,405,188
875,395,222
835,385,181
790,381,158
830,370,169
740,360,162
756,349,156
771,339,158
700,331,136
620,327,150
600,321,133
570,314,126
580,306,136
615,340,136
680,380,129
750,331,132
950,340,125
700,360,144
670,320,130
610,305,129
590,299,128
609,294,126
575,286,134
570,278,130
500,271,102
538,271,127
547,267,113
539,261,102
520,255,110
525,251,102
510,249,104
477,245,115
560,255,106
813,340,112
950,560,125
890,475,122
860,384,124
812,379,133
600,375,152
520,343,139
575,322,126
604,307,109
600,298,131
540,288,165
518,283,134
450,279,130
480,277,144
460,277,153
504,274,159
535,273,163
553,270,200
486,268,162
450,265,144
523,261,111
515,258,113
520,255,121
528,250,123
510,245,127
505,243,123
484,241,183
479,237,159
470,237,114
495,237,120
485,237,156
450,235,198
465,233,191
455,231,159
450,230,119
450,229,122
410,227,121
370,222,105
400,220,101
405,220,115
430,225,186
410,233,206
440,245,319
450,252,319
450,243,313
420,238,305
410,237,281
470,232,299
440,245,299
400,252,311
378,230,299
370,214,182
335,207,148
300,202,144
310,200,125
310,197,119
315,197,180
321,197,216
300,197,139
304,199,194
334,204,204
372,214,190
398,228,169
375,215,191
370,207,184
370,206,171
350,212,196
310,212,193
290,203,168
300,210,175
300,237,195
318,211,173
310,198,178
285,190,173
263,186,183
236,183,158
210,182,150
210,181,172
225,186,213
240,195,240
215,183,208
233,180,184
250,177,166
276,176,212
264,177,205
258,178,223
242,173,267
216,169,214
200,165,202
191,160,177
202,157,183
229,156,197
208,156,201
207,152,172
200,156,159
236,182,172
273,165,164
253,155,137
269,151,161
272,149,162
250,148,183
261,148,168
294,153,159
303,284,151
342,326,261
356,207,300
373,166,261
325,151,218
280,145,168
238,154,239
261,210,230
285,177,215
266,177,223
300,162,205
412,216,198
371,253,200
343,220,202
322,197,191
282,176,232
248,161,237
210,154,241
209,152,189
200,147,203
204,144,175
192,156,175
199,159,190
234,478,148
382,490,187
361,321,197
382,244,228
251,209,265
249,182,233
208,166,203
278,158,193
299,153,211
389,176,233
455,200,280
408,279,618
415,602,1050
430,533,953
550,347,516
493,355,228
435,337,195
330,285,191
310,240,158
280,203,157
239,186,197
220,179,157
270,194,139
320,220,178
376,277,326
750,392,314
680,340,206
730,311,176
1089,388,610
1330,734,409
1520,806,314
1350,598,450
1330,601,581
1270,589,753
1180,472,678
1020,401,480
1025,374,395
893,321,390
820,284,472
1200,697,1010
4300,1490,1780
2560,894,1280
2050,637,1140
1585,471,1030
1172,385,918
1030,759,835
974,506,814
1236,560,758
1060,584,771
1007,434,734
1080,420,866
1010,473,751
1180,430,796
1490,514,974
1180,452,954
1350,435,863
1400,436,1820
2066,778,933
2156,729,992
2470,583,1230
4680,844,2870
5240,1090,2540
4401,923,2060
3260,804,1540
2920,768,1310
3150,662,1230
3220,770,1740
2999,699,1650
4980,1080,1560
8298,1340,1500
7495,1160,1590
6265,1310,1620
4560,984,1690
4230,861,1510
3754,761,1330
4012,720,1140
4164,674,2410
9750,2110,6530
13190,2810,6260
10175,1710,5440
7257,1670,4400
5730,1360,3210
4910,1170,2280
3940,987,1870
3619,881,1730
3491,820,1810
3260,819,1580
2763,810,1320
2970,707,1140
3715,1330,1040
3678,2150,1080
3105,2010,1250
2480,1190,1300
2440,903,1220
2445,868,1220
2390,794,1120
2125,815,1200
2477,1740,2210
3200,3030,3640
2750,2450,3260
2510,1380,2560
2310,1130,1940
2424,1130,1660
2560,1130,1510
2234,1010,1340
2140,911,1300
2200,847,1230
3428,1880,1500
3075,2570,2240
3850,3020,2640
3530,2930,2130
2645,1620,1850
2526,1680,1600
2680,1280,1620
2702,1090,1560
3620,1220,1350
3390,1150,1170
2957,1150,1090
2910,1190,1250
3485,1080,1280
3358,980,1120
2535,931,1060
2366,821,1060
2080,736,909
2070,683,700
1811,641,633
1970,708,691
2435,713,745
2280,668,643
1790,590,726
2121,837,1030
2679,990,1110
2052,769,781
1680,685,581
1605,626,454
1448,563,461
1280,523,418
1426,498,401
1520,506,392
1605,534,413
1650,520,401
2940,730,316
2850,877,344
2170,864,390
1867,716,344
1565,608,320
1545,544,289
1857,555,282
1746,679,211
1542,646,179
1466,537,167
1485,485,135
1318,465,148
1380,458,140
1304,570,123
1240,596,156
1115,535,231
1087,517,188
1220,537,131
1530,513,144
2921,1410,161
3768,2070,180
6525,2620,294
8985,3650,764
7270,2550,1180
5330,2160,908
4460,2290,561
3820,1630,506
3193,1400,593
2720,1240,333
2270,1120,228
2170,992,217
2205,934,284
2094,882,270
1852,848,235
1765,781,143
1697,759,114
1615,733,120
1567,711,115
1460,689,112
1400,642,121
1380,619,133
1340,597,116
1270,571,116
1244,579,109
1243,538,242
1180,510,239
1120,489,192
1050,467,162
1160,453,169
1028,439,139
1095,442,154
1010,456,175
960,433,171
895,417,121
830,404,129
960,395,159
855,392,144
897,406,159
881,439,172
850,392,172
820,379,174
790,368,150
840,406,268
850,472,335
835,408,205
800,363,127
760,344,108
750,332,109
730,321,118
670,308,101
620,297,101
610,288,97
600,283,94
610,277,98
610,280,95.7
630,280,95
630,278,95.1
645,277,94.5
638,275,94.5
610,270,95.6
580,267,94
570,267,94
600,259,111
618,255,104
600,254,93.5
580,255,92
565,254,94.5
550,250,101
558,248,105
565,249,99
575,240,104
500,236,137
510,231,116
485,227,107
465,226,118
500,225,114
524,223,97.5
500,220,94.5
489,218,94.5
457,215,137
445,214,137
450,210,102
467,209,105
